0,Symbol,Name
1,BTC,Bitcoin
2,ETH,Ethereum
3,USDT,Tether
4,BNB,BNB
5,USDC,Coin
6,XRP,XRP
7,HEX,HEX
8,ADA,Cardano
9,STETH,Lido-Staked-ETH
10,MATIC,Polygon
11,DOGE,Dogecoin
12,BUSD,Binance
13,SOL,Solana
14,DOT,Polkadot
15,LTC,Litecoin
16,WTRX,Wrapped-TRON
17,SHIB,Shiba-Inu
18,TRX,TRON
19,AVAX,Avalanche
20,DAI,Dai
21,TMG,T-mac-DAO
22,WBTC,Wrapped-Bitcoin
23,LINK,Chainlink
24,LEO,UNUS-SED-LEO
25,ATOM,Cosmos
26,XMR,Monero
27,ETC,Ethereum-Classic
28,UNI7083,Uniswap
29,TON11419,Toncoin
30,OKB,OKB
31,XLM,Stellar
32,BCH,Bitcoin-Cash
33,FIL,Filecoin
34,APT21794,Aptos
35,TUSD,TRUE
36,HBAR,Hedera
37,LDO,Lido-DAO
38,CRO,Cronos
39,NEAR,NEAR-Protocol
40,VET,VeChain
41,APE18876,ApeCoin
42,ALGO,Algorand
43,QNT,Quant
44,BTCB,Bitcoin-BEP2
45,ICP,Internet-Computer
46,STX4847,Stacks
47,GRT6719,The-Graph
48,FTM,Fantom
49,EOS,EOS
50,WBNB,Wrapped-BNB
51,BIT11221,BitDAO
52,MANA,Decentraland
53,HBTC,Huobi-BTC
54,EGLD,MultiversX
55,XTZ,Tezos
56,FRAX,Frax
57,AAVE,Aave
58,THETA,Theta-Network
59,FLOW,Flow
60,AXS,Axie-Infinity
61,IMX10603,Immutable
62,SAND,The-Sandbox
63,CFX,Conflux
64,USDP,Pax-Dollar
65,NEO,Neo
66,KCS,KuCoin-Token
67,CHZ,Chiliz
68,RPL,Rocket-Pool
69,LUNC,Terra-Classic
70,USDD,D
71,BSV,Bitcoin-SV
72,OP,Optimism
73,KLAY,Klaytn
74,MINA,Mina
75,CAKE,PancakeSwap
76,CRV,Curve-DAO-Token
77,DASH,Dash
78,BTTOLD,BitTorrent
79,MKR,Maker
80,TNC5524,TNC-Coin
81,SNX,Synthetix
82,GUSD,Gemini-Dollar
83,HT,Huobi-Token
84,GMX11857,GMX
85,XEC,eCash
86,ZEC,Zcash
87,BTT,BitTorrent(New)
88,MIOTA,IOTA
89,BGB,Bitget-Token
90,FXS,Frax-Share
91,XDC,XDC-Network
92,GT,GateToken
93,PAXG,PAX-Gold
94,AGIX,SingularityNET
95,TWT,Trust-Wallet-Token
96,XAUT,Tether-Gold
97,LRC,Loopring
98,RUNE,THORChain
99,MASK8536,Mask-Network
100,RNDR,Render-Token
101,XRD,Radix
102,ZIL,Zilliqa
103,FTT,FTX-Token
104,FLR,Flare
105,1INCH,1inch-Network
106,NEXO,Nexo
107,FEI,Fei
108,OSMO,Osmosis
109,KAVA,Kava
110,CVX,Convex-Finance
111,ENJ,Enjin-Coin
112,CSPR,Casper
113,DFI,DeFiChain
114,SSV,ssv.network
115,BAT,Basic-Attention-Token
116,NXM,NXM
117,T,Threshold
118,DYDX,dYdX
119,ETHW,EthereumPoW
120,XEM,NEM
121,WEMIX,WEMIX
122,BAL,Balancer
123,QTUM,Qtum
124,ROSE,Oasis-Network
125,WOO,WOO-Network
126,FLOKI,FLOKI
127,RVN,Ravencoin
128,TFUEL,Theta-Fuel
129,KAS,Kaspa
130,LUNA20314,Terra
131,DCR,Decred
132,HOT2682,Holo
133,ANKR,Ankr
134,COMP5692,Compound
135,USDJ,J
136,YFI,yearn.finance
137,MAGIC14783,MAGIC
138,FET,Fetch.ai
139,CELO,Celo
140,INJ,Injective
141,KSM,Kusama
142,MOB,MobileCoin
143,GNO,Gnosis
144,GALA,Gala
145,AR,Arweave
146,BTG,Bitcoin-Gold
147,LN,LINK
148,AUDIO,Audius
149,ONE3945,Harmony
150,LUSD,Liquity
151,ASTR,Astar
152,ENS,Ethereum-Name-Service
153,XCH,Chia
154,BABYDOGE,Baby-Doge-Coin
155,OMG,OMEGA-FINANCE
156,BONE11865,Bone-ShibaSwap
157,BDX,Beldex
158,ASTRAFER,Astrafer
159,GLM,Golem
160,WAVES,Waves
161,IOTX,IoTeX
162,SUSHI,SushiSwap
163,GMT18069,STEPN
164,JST,JUST
165,DAO,DAO-Maker
166,GLMR,Moonbeam
167,BLUR,Blur
168,GNS,Gains-Network
169,JASMY,JasmyCoin
170,USTC,TerraClassic
171,BAND,Band-Protocol
172,OCEAN,Ocean-Protocol
173,SC,Siacoin
174,KDA,Kadena
175,EDGT,Edgecoin
176,MV,GensoKishi-Metaverse
177,CKB,Nervos-Network
178,SURE,inSure-DeFi
179,ICX,ICON
180,ONT,Ontology
181,HNT,Helium
182,BRISE,Bitgert
183,IOST,IOST
184,CELR,Celer-Network
185,ZRX,0x
186,XYM,Symbol
187,MX,MX-TOKEN
188,RON14101,Ronin
189,LPT,Livepeer
190,HIVE,Hive
191,LQTY,Liquity
192,BICO,Biconomy
193,ELON,Dogelon-Mars
194,FLUX,Flux
195,CHSB,SwissBorg
196,ELF,aelf
197,RSR,Reserve-Rights
198,POLY,POLY-Maximus
199,BORA,BORA
200,ACH,Alchemy-Pay
201,KEEP,Keep-Network
202,SKL,SKALE
203,WAXP,WAX
204,BNX23635,BinaryX
205,SFP,SafePal
206,AMP,Amp
207,DGB,DigiByte
208,WEVER,Wrapped-Everscale
209,JOE,JOE
210,EVER,Everscale
211,ILV,Illuvium
212,SXP,Solar
213,CORE23254,Core
214,RIF,RSK-Infrastructure-Framework
215,STORJ,Storj
216,RLC,iExec-RLC
217,GTC10052,Gitcoin
218,UMA,UMA
219,TRAC,OriginTrail
220,ALI16876,Artificial-Liquid-Intelligence
221,ZEN,Horizen
222,LSK,Lisk
223,TEL,Telcoin
224,MULTI17050,Multichain
225,EURS,STASIS-EURO
226,BTRST,Braintrust
227,SYS,Syscoin
228,LYXE,LUKSO
229,AXL17799,Axelar
230,TRIBE,Tribe
231,API3,API3
232,MBX18895,MARBLEX
233,XNO,Nano
234,VVS,VVS-Finance
235,SYN12147,Synapse
236,PLA7461,PlayDapp
237,HFT22461,Hashflow
238,PUNDIX,Pundi-X-(New)
239,KNC,Kyber-Network-Crystal-v2
240,TOMI23246,tomiNet
241,MED,MediBloc
242,SLP,Smooth-Love-Potion
243,METIS,MetisDAO
244,PEOPLE,ConstitutionDAO
245,RENBTC,renBTC
246,RBN,Ribbon-Finance
247,NFT9816,APENFT
248,MC,Merit-Circle
249,CHR,Chromia
250,NMR,Numeraire
251,EWT,Energy-Web-Token
252,SNT,Status
253,VUSDC,Venus-C
254,DENT,Dent
255,CFG,Centrifuge
256,SCRT,Secret
257,CVC,Civic
258,STG18934,Stargate-Finance
259,XCN18679,Onyxcoin
260,COCOS,Cocos-BCX
261,RAD,Radicle
262,DEXE,DeXe
263,REN,Ren
264,LOCUS,Locus-Chain
265,RBTC,Rootstock-Smart-Bitcoin
266,POLYX,Polymesh
267,VGX,Voyager-Token
268,ONG3217,Ontology-Gas
269,NYM,NYM
270,PYR,Pyroblock
271,CTSI,Cartesi
272,REQ,Request
273,NU,NuCypher
274,USDX6651,X-[Kava]
275,ANT,Aragon
276,HOOK,Hooked-Protocol
277,DKA,dKargo
278,REP,Augur
279,GAL11877,Galxe
280,DERO,Dero
281,MVL,MVL
282,STEEM,Steem
283,ABBC,ABBC-Coin
284,HUM,Humanscape
285,ERG,Ergo
286,STPT,STP
287,BNT,Bancor
288,ORBS,Orbs
289,ARDR,Ardor
290,MNW,Morpheus.Network
291,DESO,Decentralized-Social
292,PROM,Prom
293,MBOX,MOBOX
294,POWR,Powerledger
295,VBG,Vibing
296,COTI,COTI
297,WILD,Wilder-World
298,XPLA,XPLA
299,VTHO,VeThor-Token
300,TRU7725,TrueFi
301,CEL,Celsius
302,AVINOC,AVINOC
303,ALPHA,Alpha-Venture-DAO
304,MTL,Metal-DAO
305,MRS21178,Metars-Genesis
306,WIN,WINkLink
307,STRAX,Stratis
308,IQ,IQ
309,VOLT19650,Volt-Inu-V2
310,FX,Function-X
311,NKN,NKN
312,PHA,Phala-Network
313,DUSK,Dusk-Network
314,LOOM,Loom-Network
315,CQT,Covalent
316,POND,Marlin
317,DODO,DODO
318,MDX,Mdex
319,CTC,Creditcoin
320,XCAD,XCAD-Network
321,SPELL,Spell-Token
322,CEEK,CEEK-VR
323,MLK,MiL.k
324,FUN,FUNToken
325,SAITAMA20513,Saitama
326,AURA21532,Aura-Finance
327,ALICE,MyNeighborAlice
328,XVS,Venus
329,QKC,QuarkChain
330,TSUKA,Dejitaru-Tsuka
331,WNXM,Wrapped-NXM
332,WMT,World-Mobile-Token
333,CTK4807,Shentu
334,ARRR,Pirate-Chain
335,HIGH,Highstreet
336,RLY,Rally
337,DEL,Decimal
338,SOLO,Sologenic
339,BSW,Biswap
340,BFC7817,Bifrost
341,XYO,XYO
342,LOOKS,LooksRare
343,UOS,Ultra
344,DAG,Constellation
345,TLM,Alien-Worlds
346,XSGD,XSGD
347,GRV,Grove-Coin
348,ACA,Acala-Token
349,VERI,Veritaseum
350,PENDLE,Pendle
351,VRA,Verasity
352,RACA,RACA
353,WRX,WazirX
354,LCX,LCX
355,ORC,Orclands-Metaverse
356,CCD,Concordium
357,LAT,PlatON
358,XPRT,Persistence
359,SRM,Serum
360,AXEL,AXEL
361,YGG,Yield-Guild-Games
362,VBUSD,Venus-B
363,OXT,Orchid
364,FNCY,FNCY
365,CORE,cVault.finance
366,SUN,Sun-(New)
367,REEF,Reef
368,QUACK,RichQUACK.com
369,BETA,Beta-Finance
370,STRK,Strike
371,OGN,Origin-Protocol
372,PERP,Perpetual-Protocol
373,QLC,Kepple
374,STMX,StormX
375,VAI,Vai
376,BADGER,Badger-DAO
377,MFT,Hifi-Finance-(Old)
378,TKO,Toko-Token
379,ANKRETH,Ankr-Staked-ETH
380,NVIR,NvirWorld
381,ATA,Automata-Network
382,MOVR,Moonriver
383,ARK,Ark
384,TOMO,TomoChain
385,DAWN,Dawn-Protocol
386,MXC,MXC
387,IRIS,IRISnet
388,NEST,NEST-Protocol
389,DAR,Mines-of-Dalarnia
390,AERGO,Aergo
391,WAN,Wanchain
392,RSS3,RSS3
393,SSX,SOMESING
394,CBK,Cobak-Token
395,SFUND,Seedify.fund
396,META,Metadium
397,KLV,Klever
398,RKN,Rakon
399,VLX,Velas
400,AMPL,Ampleforth
401,MBL,MovieBloc
402,ARPA,ARPA
403,VEGA,Vega-Protocol
404,GHST,Aavegotchi
405,MTRG,Meter-Governance
406,FORTH,Ampleforth-Governance-Token
407,GODS,Gods-Unchained
408,KEY,SelfKey
409,QUICK,QuickSwap
410,CTXC,Cortex
411,CBG,Chainbing
412,WVLX,Wrapped-Velas
413,GFT,Gifto
414,SUPER8290,SuperVerse
415,AOG,smARTOFGIVING
416,UTK,Utrust
417,COL,Clash-of-Lilliput
418,BITCI,Bitcicoin
419,XWC,WhiteCoin
420,EFI,Efinity-Token
421,LINA7102,Linear-Finance
422,ZEON,ZEON
423,XVG,Verge
424,C98,Coin98
425,RAY,Raydium
426,ALPACA,Alpaca-Finance
427,TT,ThunderCore
428,KSP,KLAYswap-Protocol
429,FCTFCT2,FirmaChain
430,LYRA15447,Lyra
431,BLOK,Bloktopia
432,REV2135,Revain
433,LTO,LTO-Network
434,DPI,DeFi-Pulse-Index
435,BOBA,Boba-Network
436,YFII,DFI.Money
437,SUSD,s
438,UQC,Uquid-Coin
439,MLN,Enzyme
440,HUNT,HUNT
441,PHB,Phoenix
442,FLM,Flamingo
443,POLS,Polkastarter
444,MDT,Measurable-Data-Token
445,POLIS11213,Star-Atlas-DAO
446,ONUS,ONUS
447,TLOS,Telos
448,CRE,Carry
449,CUSD,Celo-Dollar
450,LIT6833,Litentry
451,QOM,Shiba-Predator
452,RARE11294,SuperRare
453,TVK,Virtua
454,DXD,DXdao
455,BAX,BABB
456,ETN,Electroneum
457,MOC,Moss-Coin
458,BIFI7311,Beefy-Finance
459,VRSC,VerusCoin
460,OPUL,Opulous
461,PRO,Prometheus
462,UFO10729,UFO-Gaming
463,ALCX,Alchemix
464,LOKA,League-of-Kingdoms-Arena
465,DFG19590,Defigram
466,ZBC,Zebec-Protocol
467,NPT,Neopin
468,VELO,Velo
469,SWEAT,Sweat-Economy
470,BAR,FC-Barcelona-Fan-Token
471,SDAO,SingularityDAO
472,BTM,Bytom
473,DG8833,DeGate
474,IDEX,IDEX
475,BAKE,BakeryToken
476,SBD,Steem-Dollars
477,AKT,Akash-Network
478,WXT,Wirex-Token
479,GRS,Groestlcoin
480,SWAP,TrustSwap
481,OUSD,Origin-Dollar
482,AUCTION,Bounce-Governance-Token
483,WAIT,Hourglass
484,GAS,Gas
485,FIS,StaFi
486,KP3R,Keep3rV1
487,DIA,DIA
488,CHESS10974,Tranchess
489,BTS,BitShares
490,PRE,Presearch
491,FORT20622,Forta
492,DF,dForce
493,BCD,Bitcoin-Diamond
494,ADS,Adshares
495,EUROC,Euro-Coin
496,ATLAS,Star-Atlas
497,PIVX,PIVX
498,WNCG,Nine-Chronicles
499,MONA,MonaCoin
500,HI,HI
501,RAMP,RAMP
502,CHNG,Chainge
503,AQT,Alpha-Quark-Token
504,VUSDT,Venus-T
505,SNM,SONM-(BEP-20)
506,RFR,Refereum
507,YOOSHI,YooShi
508,UPP,Sentinel-Protocol
509,ORN,Orion-Protocol
510,BOND,BarnBridge
511,NOIA,Syntropy
512,KMD,Komodo
513,AE,Ã†ternity
514,ULT,Ultiledger
515,QI9288,BENQI
516,NTX13198,NuNet
517,AHT,AhaToken
518,GMM,Gamium
519,EXRD,e-Radix
520,AURORA14803,Aurora
521,GEL,Gelato
522,AVA,Travala.com
523,YLD8066,Yield-App
524,TROY,TROY
525,ERN,Ethernity
526,REI19819,REI-Network
527,ASD,ASD
528,TPT,TokenPocket
529,MCT16946,Metacraft
530,CULT,Cult-DAO
531,ONIT,ONBUFF
532,USDK,K
533,FWT,Freeway-Token
534,BEL,Bella-Protocol
535,TIME,Chrono.tech
536,EPIC,Epic-Cash
537,GMT10180,GMT-Token
538,DATA,Streamr
539,RSV,Reserve
540,GZONE,GameZone
541,QRDO,Qredo
542,COS,Contentos
543,LEVER,LeverFi
544,ROUTE,Router-Protocol
545,AIOZ,AIOZ-Network
546,OAX,OAX
547,GAFI,GameFi.org
548,SPS,Splintershards
549,BNANA,Chimpion
550,CON,CONUN
551,DEGO,Dego-Finance
552,NULS,NULS
553,HAI,Hacken-Token
554,CLV,CLV
555,BLZ,Bluzelle
556,LON,Tokenlon-Network-Token
557,AGLD,Adventure-Gold
558,MAP,MAP-Protocol
559,COVAL,Circuits-of-Value
560,FER,Ferro
561,WOZX,Efforce
562,VIDT22710,VIDT-DAO
563,EPS8938,Ellipsis
564,BOSON,Boson-Protocol
565,MIN12787,Minswap
566,H2O19091,H2O-DAO
567,DEP,DEAPcoin
568,FIRO,Firo
569,KAI,KardiaChain
570,VOXEL,Voxies
571,CPH,Cypherium
572,CITY10049,Manchester-City-Fan-Token
573,PSG,Paris-Saint-Germain-Fan-Token
574,CAPS,Ternoa
575,ADX,Ambire-AdEx
576,ALPINE,Alpine-F1-Team-Fan-Token
577,BZZ,Swarm
578,GOG,Guild-of-Guardians
579,FIO,FIO-Protocol
580,DEXT,DEXTools
581,UBT,Unibright
582,ELA,Elastos
583,DOME,Everdome
584,NEXA,Nexa
585,ALT10897,Alitas
586,TRB,Tellor
587,CREAM,Cream-Finance
588,FARM,Harvest-Finance
589,UNFI,Unifi-Protocol-DAO
590,FSN,Fusion
591,KRT,TerraKRW
592,RARI,Rarible
593,HARD,Kava-Lend
594,ICHI,ICHI
595,HEZ,Hermez-Network
596,STARL,Starlink
597,APX,ApolloX
598,HERO10778,Metahero
599,SOFI,RAI-Finance
600,HELLO,HELLO
601,DREP,Drep-[new]
602,RMRK,RMRK
603,DG15478,Decentral-Games
604,LAZIO,S.S.-Lazio-Fan-Token
605,SOUL,Phantasma
606,HVH,HAVAH
607,MARO,Maro
608,VITE,VITE
609,PIT,Pitbull
610,SOV,Sovryn
611,MPL,Maple
612,WLKN,Walken
613,XPR,Proton
614,VXVS,Venus-XVS
615,BURGER,BurgerCities
616,FITFI,Step-App
617,HSF,Hillstone-Finance
618,SDN,Shiden-Network
619,FRONT,Frontier
620,VXV,Vectorspace-AI
621,DERC,DeRace
622,OM,OnlyMemes
623,MIM21557,Mint-Marble
624,CET,CoinEx-Token
625,MDAO18913,MarsDAO
626,GYEN,GYEN
627,PNK,Kleros
628,ALU,Altura
629,HTR,Hathor
630,NAKA,Nakamoto-Games
631,RAINI,Rainicorn
632,NEBL,Neblio
633,DX,DxChain-Token
634,EPX,Ellipsis
635,SOS16463,OpenDAO
636,AMB,AirDAO
637,GF15585,GuildFi
638,CENNZ,CENNZnet
639,MET,Metronome
640,WING7048,Wing-Finance
641,NMC,Namecoin
642,SANTOS,Santos-FC-Fan-Token
643,CEUR,Celo-Euro
644,KILT,KILT-Protocol
645,MNGO,Mango
646,PRQ,PARSIQ
647,FRA,Findora
648,RFOX,RFOX
649,AKRO,Akropolis
650,PERL,PERL.eco
651,DIVI,Divi
652,FOR,ForTube
653,AST,AirSwap
654,DOCK,Dock
655,ES,Era-Swap
656,DNT,district0x
657,STRM17464,StreamCoin
658,VAI8479,VAIOT
659,FIDA,Bonfida
660,VIB,Viberate
661,BMX,BitMart-Token
662,PORTO,FC-Porto-Fan-Token
663,DBC,DeepBrain-Chain
664,GFI13967,Goldfinch
665,OOKI,Ooki-Protocol
666,PLU,Project-Plutus
667,DC21414,Dogechain
668,EGG,Nestree
669,AUTO,Auto
670,HNS,Handshake
671,SCLP,Scallop
672,GXA,GALAXIA
673,DACXI,Dacxi
674,GAL,Galatasaray-Fan-Token
675,WTC,Waltonchain
676,AMO,AMO-Coin
677,DORA,Dora-Factory
678,BOO,SpookySwap
679,MEV,MEVerse
680,LA,LATOKEN
681,MLT,MILC-Platform
682,TABOO,TABOO-TOKEN
683,PTS,Petals
684,KUNCI,Kunci-Coin
685,NCT,Name-Change-Token
686,TOKE,Tokemak
687,FUSE,Fuse-Network
688,CHO,Choise.com
689,HUSD,H
690,PDEX,Polkadex
691,PNT5794,pNetwork
692,GET,GET-Protocol
693,HYDRA,Hydra
694,EUM,Elitium
695,ASM,Assemble-Protocol
696,ALEPH,Aleph.im
697,BWO,Battle-World
698,HDAO,HyperDAO
699,DVF,rhino.fi
700,XHV,Haven-Protocol
701,MCB,MUX-Protocol
702,BSCPAD,BSCPAD
703,UNCX,UniCrypt
704,BIDR,BIDR
705,JEWEL,DeFi-Kingdoms
706,SOLVE,SOLVE
707,PROS8255,Prosper
708,STC,Student-Coin
709,PPC,Pokemon-Play
710,GST16352,Green-Satoshi-Token-(SOL)
711,NRG,Energi
712,SUKU,Suku
713,THN,Throne
714,DPR,Deeper-Network
715,GOC,GoCrypto-Token
716,AFC11532,Arsenal-Fan-Token
717,SERO,Super-Zero-Protocol
718,SWTH,Carbon-Protocol
719,CUBE,Somnium-Space-Cubes
720,SAITO,Saito
721,MATH,MATH
722,DAD,DAD
723,CVP,PowerPool
724,BEPRO,BEPRO-Network
725,MIX,MixMarvel
726,KATA,Katana-Inu
727,HOPR,HOPR
728,APM,apM-Coin
729,ORB18839,Orbcity
730,ADP,Adappter-Token
731,ATOLO,RIZON
732,NEWS,PUBLISH
733,SOCKS,Unisocks
734,GNY,GNY
735,UFT,UniLend
736,TTT5514,The-Transfer-Token
737,NIM,Nimiq
738,DMD,Diamond
739,CRTS,Cratos
740,ACM8538,AC-Milan-Fan-Token
741,FOX,Shapeshift-FOX-Token
742,SAMO,Samoyedcoin
743,PKF,Red-Kite
744,DLC21849,Diamond-Launch
745,OOE,OpenOcean
746,QSP,Quantstamp
747,NUM,Numbers-Protocol
748,DFA,DeFine
749,HEGIC,Hegic
750,CPOOL,Clearpool
751,DVI,Dvision-Network
752,ABT,Arcblock
753,ZKS,ZKSpace
754,GBYTE,Obyte
755,SLND,Solend
756,KAR,Karura
757,STOS,Stratos
758,ERC20,ERC20
759,CIV11345,Civilization
760,BANANA8497,ApeSwap
761,TAMA,Tamadoge
762,ROOK,Rook
763,CRU,Crust-Network
764,MSOL,Marinade-Staked-SOL
765,XNC,XeniosCoin
766,JUV,Juventus-Fan-Token
767,PUSH,Push-Protocol
768,ETHAX,ETHAX
769,KDAG,King-DAG
770,SIDUS,SIDUS
771,KRL,Kryll
772,MWC,MimbleWimbleCoin
773,FYN,Affyn
774,KAN,BitKan
775,NFTX,NFTX
776,RISE15257,EverRise
777,SIX,SIX
778,NXS,Nexus
779,SD,Stader
780,AION,Aion
781,HOGE,Hoge-Finance
782,VEED,VIMworld
783,XDEFI,XDEFI-Wallet
784,LSS,Lossless
785,AURY,Aurory
786,NAP,Napoli-Fan-Token
787,BDP8708,Big-Data-Protocol
788,HAPI,HAPI-Protocol
789,SENSO,SENSO
790,GARI,Gari-Network
791,IMPT22985,IMPT
792,INTER,Inter-Milan-Fan-Token
793,BTSE,BTSE
794,1,1-UP-Platform
795,QRL,Quantum-Resistant-Ledger
796,IHF,Invictus-Hyperion-Fund
797,DDX,DerivaDAO
798,ZANO,Zano
799,VINU15270,Vita-Inu
800,KIN,Kin
801,DAFI,DAFI-Protocol
802,SFD,SAFE-DEAL
803,FUND,Unification
804,BLT12182,Blocto-Token
805,VR,Victoria-VR
806,GOVI,Govi
807,SPA,Sperax
808,OG,OriginDAO
809,BABY10334,BabySwap
810,VRT,Venus-Reward-Token
811,ACX22620,Across-Protocol
812,URUS,Aurox
813,PTU,Pintu-Token
814,EL,ELYSIA
815,ATM,Atletico-De-Madrid-Fan-Token
816,KAT3634,Kambria
817,VTC,Vertcoin
818,MAN,Matrix-AI-Network
819,ORAI,Oraichain
820,CERE,Cere-Network
821,ZCN,Zus
822,QTCON,Quiztok
823,GRC,Gridcoin
824,WRLD,NFT-Worlds
825,SWASH,Swash
826,BOA,BOSagora
827,SHIRYO,Shiryo
828,GO,GoChain
829,MVC,MileVerse
830,WICC,WaykiChain
831,BRG,Bridge-Oracle
832,VEE,BLOCKv
833,CUDOS,CUDOS
834,XTP,Tap
835,APL,Apollo-Currency
836,SHPING,SHPING
837,K21,K21
838,TOWN,Town-Star
839,MANC,Mancium
840,PZM,PRIZM
841,TREEB,Retreeb
842,XCP,Counterparty
843,CRPT,Crypterium
844,BASIC,BASIC
845,PALLA,Pallapay
846,NWC,Newscrypto
847,DSLA,DSLA-Protocol
848,DIME,Dimecoin
849,BTCST,Bitcoin-Standard-Hashrate-Token
850,NAV,Navcoin
851,NYE,NewYork-Exchange
852,THG,Thetan-Arena
853,HAM,Hamster
854,VAL,Validity
855,TEMCO,TEMCO
856,XED,Exeedme
857,GRID,Grid+
858,POA,Proof-Of-Apes
859,MCRT,MagicCraft
860,XMC,Monero-Classic
861,OBSR,Observer
862,IDRT,Rupiah-Token
863,RAE,Receive-Access-Ecosystem
864,CGO,Comtech-Gold
865,MIR7857,Mirror-Protocol
866,LBC,LBRY-Credits
867,QASH,QASH
868,BAN,Banano
869,OXEN,Oxen
870,BTC2,Bitcoin-2
871,PART,Paricle-Technology
872,ZNN,Zenon
873,GOAL,TopGoal
874,VLTC,Venus-LTC
875,WOM19623,Wombat-Exchange
876,ARIA20,Arianee
877,XEP,Electra-Protocol
878,KOK,KOK
879,GRG,RigoBlock
880,TORN,Tornado-Cash
881,DFYN,Dfyn-Network
882,PBR,PolkaBridge
883,DHT,dHedge-DAO
884,RAI,Rai-Reflex-Index
885,DOV,Dovu
886,DERI,Deri-Protocol
887,TRVL,TRVL
888,RING,Darwinia-Network
889,MASQ,MASQ
890,UPUNK,Unicly-CryptoPunks-Collection
891,MITX,Morpheus-Labs
892,CBX,CropBytes
893,ANC8857,Anchor-Protocol
894,REAP,ReapChain
895,BIOT,BioPassport-Token
896,MEME,Memetic-PepeCoin
897,GRIN,Grin
898,NSBT,Neutrino-Token
899,ZYN,Zynecoin
900,FCT,Factom
901,PNG,Pangolin
902,CLO,Callisto-Network
903,ASTA,ASTA
904,TONE,TE-FOOD
905,CTX,Cryptex-Finance
906,BTRS,Bitball-Treasure
907,REV,RChain
908,CELL,Cellframe
909,LTX,Lattice-Token
910,AVT,Aventus
911,BUY11750,BuyingCom
912,ONE,Harmony
913,KMA,Calamari-Network
914,WHALE,WHALE
915,EMRX,Emirex-Token
916,PAINT,MurAll
917,VBIT,Valobit
918,CAS,Cashaa
919,OVR,OVR
920,EPIK,EPIK-Prime
921,PEEL,Meta-Apes
922,BEAM,Beam
923,OXB,OxbullTech
924,VSYS,VSystems
925,DVPN,Sentinel
926,MOF,Molecular-Future
927,GRND,SuperWalk
928,VDAI,Venus-DAI
929,RDD,ReddCoin
930,SHILL,SHILL-Token
931,ASR,AS-Roma-Fan-Token
932,GULF,Gulf-Coin
933,ARV,Ariva
934,CIRUS,Cirus-Foundation
935,BCN,Bytecoin
936,SIGNA,Signum
937,MYST,Mysterium
938,WIKEN,Project-WITH
939,BF,BitForex-Token
940,RED21690,RED-TOKEN
941,EQUAD,QuadrantProtocol
942,RAVEN,Raven-Protocol
943,SCP,ScPrime
944,CGG,ChainGuardians
945,BOTTO,Botto
946,SHR,ShareToken
947,POLA,Polaris-Share
948,TITAN,TitanSwap
949,PKT9523,PKT
950,IHC,Inflation-Hedging-Coin
951,FST,1irstcoin
952,ID,Everest
953,OGV,Origin-Dollar-Governance
954,VID,Vivid-Labs
955,BLP,BullPerks
956,GFI,Gravity-Finance
957,LNC,Linker-Coin
958,GLCH,Glitch
959,FRTS,Fruits
960,XPX,ProximaX
961,BONDLY,Forj(Bondly)
962,XRT,Robonomics.network
963,IGNIS,Ignis
964,ORT16252,Okratech-Token
965,BOLT,BOLT
966,MOOV,Dotmoovs
967,KASTA,Kasta
968,PI,Pi
969,KROM,Kromatika
970,JUP,Jupiter
971,BTR4167,Bitrue-Coin
972,STAKE,STAKE
973,TAROT,Tarot
974,LBL,LABEL-Foundation
975,SPC,SpaceChain
976,GHX,GamerCoin
977,PCX,ChainX
978,MOD,Modefi
979,TON,Tokamak-Network
980,GMEE,GAMEE
981,DGD,DigixDAO
982,EDG5274,Edgeware
983,CCT,Carbon-Credit
984,LOVELY,Lovely-Inu-Finance
985,TRR,Terran-Coin
986,AWC,Atomic-Wallet-Coin
987,CRP,Crypton
988,CHI,Xaya
989,BEND,BendDAO
990,NOW,ChangeNOW-Token
991,PROB,ProBit-Token
992,SHFT,Shyft-Network
993,KARMA,KARMA
994,ATRI,Atari-Token
995,TRIX,TriumphX
996,SLIM,Solanium
997,TOMS,TomTomCoin
998,PSP,ParaSwap
999,UNB,Unbound
1000,LITH,Lithium
